timestamp,user_id,endpoint,use_case,type,ip,user_agent,jwt_payload,label
2025-06-21T15:12:01.826Z,user001,/login,Login,AUTH,{"user_id":"user001";"iat":1750518721823},normal
2025-06-21T15:12:01.839Z,user001,/browse,ViewPage,READ,{"user_id":"user001";"iat":1750518721823;"exp":1750518725423},normal
2025-06-21T15:12:01.844Z,user001,/edit,EditContent,UPDATE,{"user_id":"user001";"iat":1750518721823;"exp":1750518725423},normal
2025-06-21T15:12:01.852Z,user001,/logout,Logout,AUTH,{"user_id":"user001";"iat":1750518721823;"exp":1750518725423},normal
2025-06-21T15:12:01.967Z,user002,/login,Login,AUTH,{"user_id":"user002";"iat":1750518721966},normal
2025-06-21T15:12:01.971Z,user002,/browse,ViewPage,READ,{"user_id":"user002";"iat":1750518721966;"exp":1750518725566},normal
2025-06-21T15:12:01.975Z,user002,/edit,EditContent,UPDATE,{"user_id":"user002";"iat":1750518721966;"exp":1750518725566},normal
2025-06-21T15:12:01.979Z,user002,/logout,Logout,AUTH,{"user_id":"user002";"iat":1750518721966;"exp":1750518725566},normal
2025-06-21T15:12:02.093Z,user003,/login,Login,AUTH,{"user_id":"user003";"iat":1750518722092},normal
2025-06-21T15:12:02.097Z,user003,/browse,ViewPage,READ,{"user_id":"user003";"iat":1750518722092;"exp":1750518725692},normal
2025-06-21T15:12:02.101Z,user003,/edit,EditContent,UPDATE,{"user_id":"user003";"iat":1750518722092;"exp":1750518725692},normal
2025-06-21T15:12:02.104Z,user003,/logout,Logout,AUTH,{"user_id":"user003";"iat":1750518722092;"exp":1750518725692},normal
2025-06-21T15:12:02.217Z,user004,/login,Login,AUTH,{"user_id":"user004";"iat":1750518722216},normal
2025-06-21T15:12:02.221Z,user004,/browse,ViewPage,READ,{"user_id":"user004";"iat":1750518722216;"exp":1750518725816},normal
2025-06-21T15:12:02.225Z,user004,/edit,EditContent,UPDATE,{"user_id":"user004";"iat":1750518722216;"exp":1750518725816},normal
2025-06-21T15:12:02.228Z,user004,/logout,Logout,AUTH,{"user_id":"user004";"iat":1750518722216;"exp":1750518725816},normal
2025-06-21T15:12:02.343Z,user005,/login,Login,AUTH,{"user_id":"user005";"iat":1750518722342},normal
2025-06-21T15:12:02.346Z,user005,/browse,ViewPage,READ,{"user_id":"user005";"iat":1750518722342;"exp":1750518725942},normal
2025-06-21T15:12:02.350Z,user005,/edit,EditContent,UPDATE,{"user_id":"user005";"iat":1750518722342;"exp":1750518725942},normal
2025-06-21T15:12:02.353Z,user005,/logout,Logout,AUTH,{"user_id":"user005";"iat":1750518722342;"exp":1750518725942},normal
2025-06-21T15:12:02.470Z,user006,/login,Login,AUTH,{"user_id":"user006";"iat":1750518722469},normal
2025-06-21T15:12:02.473Z,user006,/browse,ViewPage,READ,{"user_id":"user006";"iat":1750518722469;"exp":1750518726069},normal
2025-06-21T15:12:02.476Z,user006,/edit,EditContent,UPDATE,{"user_id":"user006";"iat":1750518722469;"exp":1750518726069},normal
2025-06-21T15:12:02.479Z,user006,/logout,Logout,AUTH,{"user_id":"user006";"iat":1750518722469;"exp":1750518726069},normal
2025-06-21T15:12:02.596Z,user007,/login,Login,AUTH,{"user_id":"user007";"iat":1750518722595},normal
2025-06-21T15:12:02.599Z,user007,/browse,ViewPage,READ,{"user_id":"user007";"iat":1750518722595;"exp":1750518726195},normal
2025-06-21T15:12:02.602Z,user007,/edit,EditContent,UPDATE,{"user_id":"user007";"iat":1750518722595;"exp":1750518726195},normal
2025-06-21T15:12:02.606Z,user007,/logout,Logout,AUTH,{"user_id":"user007";"iat":1750518722595;"exp":1750518726195},normal
2025-06-21T15:12:02.721Z,user008,/login,Login,AUTH,{"user_id":"user008";"iat":1750518722721},normal
2025-06-21T15:12:02.725Z,user008,/browse,ViewPage,READ,{"user_id":"user008";"iat":1750518722721;"exp":1750518726321},normal
2025-06-21T15:12:02.728Z,user008,/edit,EditContent,UPDATE,{"user_id":"user008";"iat":1750518722721;"exp":1750518726321},normal
2025-06-21T15:12:02.731Z,user008,/logout,Logout,AUTH,{"user_id":"user008";"iat":1750518722721;"exp":1750518726321},normal
2025-06-21T15:12:02.848Z,user009,/login,Login,AUTH,{"user_id":"user009";"iat":1750518722847},normal
2025-06-21T15:12:02.851Z,user009,/browse,ViewPage,READ,{"user_id":"user009";"iat":1750518722847;"exp":1750518726447},normal
2025-06-21T15:12:02.854Z,user009,/edit,EditContent,UPDATE,{"user_id":"user009";"iat":1750518722847;"exp":1750518726447},normal
2025-06-21T15:12:02.858Z,user009,/logout,Logout,AUTH,{"user_id":"user009";"iat":1750518722847;"exp":1750518726447},normal
2025-06-21T15:12:02.973Z,user010,/login,Login,AUTH,{"user_id":"user010";"iat":1750518722973},normal
2025-06-21T15:12:02.977Z,user010,/browse,ViewPage,READ,{"user_id":"user010";"iat":1750518722973;"exp":1750518726573},normal
2025-06-21T15:12:02.980Z,user010,/edit,EditContent,UPDATE,{"user_id":"user010";"iat":1750518722973;"exp":1750518726573},normal
2025-06-21T15:12:02.982Z,user010,/logout,Logout,AUTH,{"user_id":"user010";"iat":1750518722973;"exp":1750518726573},normal
2025-06-21T15:12:03.100Z,user011,/login,Login,AUTH,{"user_id":"user011";"iat":1750518723099},normal
2025-06-21T15:12:03.103Z,user011,/browse,ViewPage,READ,{"user_id":"user011";"iat":1750518723099;"exp":1750518726699},normal
2025-06-21T15:12:03.106Z,user011,/edit,EditContent,UPDATE,{"user_id":"user011";"iat":1750518723099;"exp":1750518726699},normal
2025-06-21T15:12:03.109Z,user011,/logout,Logout,AUTH,{"user_id":"user011";"iat":1750518723099;"exp":1750518726699},normal
2025-06-21T15:12:03.225Z,user012,/login,Login,AUTH,{"user_id":"user012";"iat":1750518723225},normal
2025-06-21T15:12:03.229Z,user012,/browse,ViewPage,READ,{"user_id":"user012";"iat":1750518723225;"exp":1750518726825},normal
2025-06-21T15:12:03.232Z,user012,/edit,EditContent,UPDATE,{"user_id":"user012";"iat":1750518723225;"exp":1750518726825},normal
2025-06-21T15:12:03.235Z,user012,/logout,Logout,AUTH,{"user_id":"user012";"iat":1750518723225;"exp":1750518726825},normal
2025-06-21T15:12:03.350Z,user013,/login,Login,AUTH,{"user_id":"user013";"iat":1750518723349},normal
2025-06-21T15:12:03.353Z,user013,/browse,ViewPage,READ,{"user_id":"user013";"iat":1750518723349;"exp":1750518726949},normal
2025-06-21T15:12:03.357Z,user013,/edit,EditContent,UPDATE,{"user_id":"user013";"iat":1750518723349;"exp":1750518726949},normal
2025-06-21T15:12:03.360Z,user013,/logout,Logout,AUTH,{"user_id":"user013";"iat":1750518723349;"exp":1750518726949},normal
2025-06-21T15:12:03.477Z,user014,/login,Login,AUTH,{"user_id":"user014";"iat":1750518723476},normal
2025-06-21T15:12:03.479Z,user014,/browse,ViewPage,READ,{"user_id":"user014";"iat":1750518723476;"exp":1750518727076},normal
2025-06-21T15:12:03.482Z,user014,/edit,EditContent,UPDATE,{"user_id":"user014";"iat":1750518723476;"exp":1750518727076},normal
2025-06-21T15:12:03.485Z,user014,/logout,Logout,AUTH,{"user_id":"user014";"iat":1750518723476;"exp":1750518727076},normal
2025-06-21T15:12:03.603Z,user015,/login,Login,AUTH,{"user_id":"user015";"iat":1750518723602},normal
2025-06-21T15:12:03.606Z,user015,/browse,ViewPage,READ,{"user_id":"user015";"iat":1750518723602;"exp":1750518727202},normal
2025-06-21T15:12:03.610Z,user015,/edit,EditContent,UPDATE,{"user_id":"user015";"iat":1750518723602;"exp":1750518727202},normal
2025-06-21T15:12:03.613Z,user015,/logout,Logout,AUTH,{"user_id":"user015";"iat":1750518723602;"exp":1750518727202},normal
2025-06-21T15:12:03.729Z,user016,/login,Login,AUTH,{"user_id":"user016";"iat":1750518723728},normal
2025-06-21T15:12:03.732Z,user016,/browse,ViewPage,READ,{"user_id":"user016";"iat":1750518723728;"exp":1750518727328},normal
2025-06-21T15:12:03.736Z,user016,/edit,EditContent,UPDATE,{"user_id":"user016";"iat":1750518723728;"exp":1750518727328},normal
2025-06-21T15:12:03.739Z,user016,/logout,Logout,AUTH,{"user_id":"user016";"iat":1750518723728;"exp":1750518727328},normal
2025-06-21T15:12:03.855Z,user017,/login,Login,AUTH,{"user_id":"user017";"iat":1750518723854},normal
2025-06-21T15:12:03.858Z,user017,/browse,ViewPage,READ,{"user_id":"user017";"iat":1750518723854;"exp":1750518727454},normal
2025-06-21T15:12:03.861Z,user017,/edit,EditContent,UPDATE,{"user_id":"user017";"iat":1750518723854;"exp":1750518727454},normal
2025-06-21T15:12:03.864Z,user017,/logout,Logout,AUTH,{"user_id":"user017";"iat":1750518723854;"exp":1750518727454},normal
2025-06-21T15:12:03.981Z,user018,/login,Login,AUTH,{"user_id":"user018";"iat":1750518723980},normal
2025-06-21T15:12:03.984Z,user018,/browse,ViewPage,READ,{"user_id":"user018";"iat":1750518723980;"exp":1750518727580},normal
2025-06-21T15:12:03.988Z,user018,/edit,EditContent,UPDATE,{"user_id":"user018";"iat":1750518723980;"exp":1750518727580},normal
2025-06-21T15:12:03.991Z,user018,/logout,Logout,AUTH,{"user_id":"user018";"iat":1750518723980;"exp":1750518727580},normal
2025-06-21T15:12:04.108Z,user019,/login,Login,AUTH,{"user_id":"user019";"iat":1750518724107},normal
2025-06-21T15:12:04.112Z,user019,/browse,ViewPage,READ,{"user_id":"user019";"iat":1750518724107;"exp":1750518727707},normal
2025-06-21T15:12:04.115Z,user019,/edit,EditContent,UPDATE,{"user_id":"user019";"iat":1750518724107;"exp":1750518727707},normal
2025-06-21T15:12:04.118Z,user019,/logout,Logout,AUTH,{"user_id":"user019";"iat":1750518724107;"exp":1750518727707},normal
2025-06-21T15:12:04.234Z,user020,/login,Login,AUTH,{"user_id":"user020";"iat":1750518724233},normal
2025-06-21T15:12:04.237Z,user020,/browse,ViewPage,READ,{"user_id":"user020";"iat":1750518724233;"exp":1750518727833},normal
2025-06-21T15:12:04.240Z,user020,/edit,EditContent,UPDATE,{"user_id":"user020";"iat":1750518724233;"exp":1750518727833},normal
2025-06-21T15:12:04.243Z,user020,/logout,Logout,AUTH,{"user_id":"user020";"iat":1750518724233;"exp":1750518727833},normal
2025-06-21T15:12:04.361Z,user021,/login,Login,AUTH,{"user_id":"user021";"iat":1750518724360},normal
2025-06-21T15:12:04.364Z,user021,/browse,ViewPage,READ,{"user_id":"user021";"iat":1750518724360;"exp":1750518727960},normal
2025-06-21T15:12:04.367Z,user021,/edit,EditContent,UPDATE,{"user_id":"user021";"iat":1750518724360;"exp":1750518727960},normal
2025-06-21T15:12:04.370Z,user021,/logout,Logout,AUTH,{"user_id":"user021";"iat":1750518724360;"exp":1750518727960},normal
2025-06-21T15:12:04.487Z,user022,/login,Login,AUTH,{"user_id":"user022";"iat":1750518724487},normal
2025-06-21T15:12:04.491Z,user022,/browse,ViewPage,READ,{"user_id":"user022";"iat":1750518724487;"exp":1750518728087},normal
2025-06-21T15:12:04.494Z,user022,/edit,EditContent,UPDATE,{"user_id":"user022";"iat":1750518724487;"exp":1750518728087},normal
2025-06-21T15:12:04.497Z,user022,/logout,Logout,AUTH,{"user_id":"user022";"iat":1750518724487;"exp":1750518728087},normal
2025-06-21T15:12:04.613Z,user023,/login,Login,AUTH,{"user_id":"user023";"iat":1750518724612},normal
2025-06-21T15:12:04.617Z,user023,/browse,ViewPage,READ,{"user_id":"user023";"iat":1750518724612;"exp":1750518728212},normal
2025-06-21T15:12:04.621Z,user023,/edit,EditContent,UPDATE,{"user_id":"user023";"iat":1750518724612;"exp":1750518728212},normal
2025-06-21T15:12:04.625Z,user023,/logout,Logout,AUTH,{"user_id":"user023";"iat":1750518724612;"exp":1750518728212},normal
2025-06-21T15:12:04.739Z,user024,/login,Login,AUTH,{"user_id":"user024";"iat":1750518724738},normal
2025-06-21T15:12:04.742Z,user024,/browse,ViewPage,READ,{"user_id":"user024";"iat":1750518724738;"exp":1750518728338},normal
2025-06-21T15:12:04.745Z,user024,/edit,EditContent,UPDATE,{"user_id":"user024";"iat":1750518724738;"exp":1750518728338},normal
2025-06-21T15:12:04.748Z,user024,/logout,Logout,AUTH,{"user_id":"user024";"iat":1750518724738;"exp":1750518728338},normal
2025-06-21T15:12:04.865Z,user025,/login,Login,AUTH,{"user_id":"user025";"iat":1750518724864},normal
2025-06-21T15:12:04.868Z,user025,/browse,ViewPage,READ,{"user_id":"user025";"iat":1750518724864;"exp":1750518728464},normal
2025-06-21T15:12:04.871Z,user025,/edit,EditContent,UPDATE,{"user_id":"user025";"iat":1750518724864;"exp":1750518728464},normal
2025-06-21T15:12:04.874Z,user025,/logout,Logout,AUTH,{"user_id":"user025";"iat":1750518724864;"exp":1750518728464},normal
2025-06-21T15:12:05.003Z,user026,/login,Login,AUTH,{"user_id":"user026";"iat":1750518725002},normal
2025-06-21T15:12:05.012Z,user026,/browse,ViewPage,READ,{"user_id":"user026";"iat":1750518725002;"exp":1750518728602},normal
2025-06-21T15:12:05.019Z,user026,/edit,EditContent,UPDATE,{"user_id":"user026";"iat":1750518725002;"exp":1750518728602},normal
2025-06-21T15:12:05.024Z,user026,/logout,Logout,AUTH,{"user_id":"user026";"iat":1750518725002;"exp":1750518728602},normal
2025-06-21T15:12:05.132Z,user027,/login,Login,AUTH,{"user_id":"user027";"iat":1750518725131},normal
2025-06-21T15:12:05.135Z,user027,/browse,ViewPage,READ,{"user_id":"user027";"iat":1750518725131;"exp":1750518728731},normal
2025-06-21T15:12:05.138Z,user027,/edit,EditContent,UPDATE,{"user_id":"user027";"iat":1750518725131;"exp":1750518728731},normal
2025-06-21T15:12:05.141Z,user027,/logout,Logout,AUTH,{"user_id":"user027";"iat":1750518725131;"exp":1750518728731},normal
2025-06-21T15:12:05.259Z,user028,/login,Login,AUTH,{"user_id":"user028";"iat":1750518725258},normal
2025-06-21T15:12:05.262Z,user028,/browse,ViewPage,READ,{"user_id":"user028";"iat":1750518725258;"exp":1750518728858},normal
2025-06-21T15:12:05.265Z,user028,/edit,EditContent,UPDATE,{"user_id":"user028";"iat":1750518725258;"exp":1750518728858},normal
2025-06-21T15:12:05.268Z,user028,/logout,Logout,AUTH,{"user_id":"user028";"iat":1750518725258;"exp":1750518728858},normal
2025-06-21T15:12:05.385Z,user029,/login,Login,AUTH,{"user_id":"user029";"iat":1750518725384},normal
2025-06-21T15:12:05.388Z,user029,/browse,ViewPage,READ,{"user_id":"user029";"iat":1750518725384;"exp":1750518728984},normal
2025-06-21T15:12:05.391Z,user029,/edit,EditContent,UPDATE,{"user_id":"user029";"iat":1750518725384;"exp":1750518728984},normal
2025-06-21T15:12:05.393Z,user029,/logout,Logout,AUTH,{"user_id":"user029";"iat":1750518725384;"exp":1750518728984},normal
2025-06-21T15:12:05.510Z,user030,/login,Login,AUTH,{"user_id":"user030";"iat":1750518725510},normal
2025-06-21T15:12:05.514Z,user030,/browse,ViewPage,READ,{"user_id":"user030";"iat":1750518725510;"exp":1750518729110},normal
2025-06-21T15:12:05.518Z,user030,/edit,EditContent,UPDATE,{"user_id":"user030";"iat":1750518725510;"exp":1750518729110},normal
2025-06-21T15:12:05.521Z,user030,/logout,Logout,AUTH,{"user_id":"user030";"iat":1750518725510;"exp":1750518729110},normal
2025-06-21T15:12:05.636Z,user031,/login,Login,AUTH,{"user_id":"user031";"iat":1750518725635},normal
2025-06-21T15:12:05.640Z,user031,/browse,ViewPage,READ,{"user_id":"user031";"iat":1750518725635;"exp":1750518729235},normal
2025-06-21T15:12:05.643Z,user031,/edit,EditContent,UPDATE,{"user_id":"user031";"iat":1750518725635;"exp":1750518729235},normal
2025-06-21T15:12:05.647Z,user031,/logout,Logout,AUTH,{"user_id":"user031";"iat":1750518725635;"exp":1750518729235},normal
2025-06-21T15:12:05.761Z,user032,/login,Login,AUTH,{"user_id":"user032";"iat":1750518725761},normal
2025-06-21T15:12:05.764Z,user032,/browse,ViewPage,READ,{"user_id":"user032";"iat":1750518725761;"exp":1750518729361},normal
2025-06-21T15:12:05.768Z,user032,/edit,EditContent,UPDATE,{"user_id":"user032";"iat":1750518725761;"exp":1750518729361},normal
2025-06-21T15:12:05.771Z,user032,/logout,Logout,AUTH,{"user_id":"user032";"iat":1750518725761;"exp":1750518729361},normal
2025-06-21T15:12:05.887Z,user033,/login,Login,AUTH,{"user_id":"user033";"iat":1750518725886},normal
2025-06-21T15:12:05.890Z,user033,/browse,ViewPage,READ,{"user_id":"user033";"iat":1750518725886;"exp":1750518729486},normal
2025-06-21T15:12:05.893Z,user033,/edit,EditContent,UPDATE,{"user_id":"user033";"iat":1750518725886;"exp":1750518729486},normal
2025-06-21T15:12:05.896Z,user033,/logout,Logout,AUTH,{"user_id":"user033";"iat":1750518725886;"exp":1750518729486},normal
2025-06-21T15:12:06.012Z,user034,/login,Login,AUTH,{"user_id":"user034";"iat":1750518726012},normal
2025-06-21T15:12:06.015Z,user034,/browse,ViewPage,READ,{"user_id":"user034";"iat":1750518726012;"exp":1750518729612},normal
2025-06-21T15:12:06.019Z,user034,/edit,EditContent,UPDATE,{"user_id":"user034";"iat":1750518726012;"exp":1750518729612},normal
2025-06-21T15:12:06.022Z,user034,/logout,Logout,AUTH,{"user_id":"user034";"iat":1750518726012;"exp":1750518729612},normal
2025-06-21T15:12:06.138Z,user035,/login,Login,AUTH,{"user_id":"user035";"iat":1750518726137},normal
2025-06-21T15:12:06.141Z,user035,/browse,ViewPage,READ,{"user_id":"user035";"iat":1750518726137;"exp":1750518729737},normal
2025-06-21T15:12:06.144Z,user035,/edit,EditContent,UPDATE,{"user_id":"user035";"iat":1750518726137;"exp":1750518729737},normal
2025-06-21T15:12:06.147Z,user035,/logout,Logout,AUTH,{"user_id":"user035";"iat":1750518726137;"exp":1750518729737},normal
2025-06-21T15:12:06.264Z,user036,/login,Login,AUTH,{"user_id":"user036";"iat":1750518726263},normal
2025-06-21T15:12:06.269Z,user036,/browse,ViewPage,READ,{"user_id":"user036";"iat":1750518726263;"exp":1750518729863},normal
2025-06-21T15:12:06.273Z,user036,/edit,EditContent,UPDATE,{"user_id":"user036";"iat":1750518726263;"exp":1750518729863},normal
2025-06-21T15:12:06.277Z,user036,/logout,Logout,AUTH,{"user_id":"user036";"iat":1750518726263;"exp":1750518729863},normal
2025-06-21T15:12:06.389Z,user037,/login,Login,AUTH,{"user_id":"user037";"iat":1750518726389},normal
2025-06-21T15:12:06.393Z,user037,/browse,ViewPage,READ,{"user_id":"user037";"iat":1750518726389;"exp":1750518729989},normal
2025-06-21T15:12:06.396Z,user037,/edit,EditContent,UPDATE,{"user_id":"user037";"iat":1750518726389;"exp":1750518729989},normal
2025-06-21T15:12:06.399Z,user037,/logout,Logout,AUTH,{"user_id":"user037";"iat":1750518726389;"exp":1750518729989},normal
2025-06-21T15:12:06.514Z,user038,/login,Login,AUTH,{"user_id":"user038";"iat":1750518726514},normal
2025-06-21T15:12:06.518Z,user038,/browse,ViewPage,READ,{"user_id":"user038";"iat":1750518726514;"exp":1750518730114},normal
2025-06-21T15:12:06.520Z,user038,/edit,EditContent,UPDATE,{"user_id":"user038";"iat":1750518726514;"exp":1750518730114},normal
2025-06-21T15:12:06.523Z,user038,/logout,Logout,AUTH,{"user_id":"user038";"iat":1750518726514;"exp":1750518730114},normal
2025-06-21T15:12:06.640Z,user039,/login,Login,AUTH,{"user_id":"user039";"iat":1750518726640},normal
2025-06-21T15:12:06.644Z,user039,/browse,ViewPage,READ,{"user_id":"user039";"iat":1750518726640;"exp":1750518730240},normal
2025-06-21T15:12:06.648Z,user039,/edit,EditContent,UPDATE,{"user_id":"user039";"iat":1750518726640;"exp":1750518730240},normal
2025-06-21T15:12:06.653Z,user039,/logout,Logout,AUTH,{"user_id":"user039";"iat":1750518726640;"exp":1750518730240},normal
2025-06-21T15:12:06.766Z,user040,/login,Login,AUTH,{"user_id":"user040";"iat":1750518726766},normal
2025-06-21T15:12:06.769Z,user040,/browse,ViewPage,READ,{"user_id":"user040";"iat":1750518726766;"exp":1750518730366},normal
2025-06-21T15:12:06.772Z,user040,/edit,EditContent,UPDATE,{"user_id":"user040";"iat":1750518726766;"exp":1750518730366},normal
2025-06-21T15:12:06.775Z,user040,/logout,Logout,AUTH,{"user_id":"user040";"iat":1750518726766;"exp":1750518730366},normal
2025-06-21T15:12:06.893Z,user041,/login,Login,AUTH,{"user_id":"user041";"iat":1750518726892},normal
2025-06-21T15:12:06.896Z,user041,/browse,ViewPage,READ,{"user_id":"user041";"iat":1750518726892;"exp":1750518730492},normal
2025-06-21T15:12:06.899Z,user041,/edit,EditContent,UPDATE,{"user_id":"user041";"iat":1750518726892;"exp":1750518730492},normal
2025-06-21T15:12:06.901Z,user041,/logout,Logout,AUTH,{"user_id":"user041";"iat":1750518726892;"exp":1750518730492},normal
2025-06-21T15:12:07.019Z,user042,/login,Login,AUTH,{"user_id":"user042";"iat":1750518727018},normal
2025-06-21T15:12:07.022Z,user042,/browse,ViewPage,READ,{"user_id":"user042";"iat":1750518727018;"exp":1750518730618},normal
2025-06-21T15:12:07.024Z,user042,/edit,EditContent,UPDATE,{"user_id":"user042";"iat":1750518727018;"exp":1750518730618},normal
2025-06-21T15:12:07.027Z,user042,/logout,Logout,AUTH,{"user_id":"user042";"iat":1750518727018;"exp":1750518730618},normal
2025-06-21T15:12:07.145Z,user043,/login,Login,AUTH,{"user_id":"user043";"iat":1750518727144},normal
2025-06-21T15:12:07.148Z,user043,/browse,ViewPage,READ,{"user_id":"user043";"iat":1750518727144;"exp":1750518730744},normal
2025-06-21T15:12:07.151Z,user043,/edit,EditContent,UPDATE,{"user_id":"user043";"iat":1750518727144;"exp":1750518730744},normal
2025-06-21T15:12:07.155Z,user043,/logout,Logout,AUTH,{"user_id":"user043";"iat":1750518727144;"exp":1750518730744},normal
2025-06-21T15:12:07.270Z,user044,/login,Login,AUTH,{"user_id":"user044";"iat":1750518727269},normal
2025-06-21T15:12:07.273Z,user044,/browse,ViewPage,READ,{"user_id":"user044";"iat":1750518727269;"exp":1750518730869},normal
2025-06-21T15:12:07.276Z,user044,/edit,EditContent,UPDATE,{"user_id":"user044";"iat":1750518727269;"exp":1750518730869},normal
2025-06-21T15:12:07.279Z,user044,/logout,Logout,AUTH,{"user_id":"user044";"iat":1750518727269;"exp":1750518730869},normal
2025-06-21T15:12:07.396Z,user045,/login,Login,AUTH,{"user_id":"user045";"iat":1750518727395},normal
2025-06-21T15:12:07.399Z,user045,/browse,ViewPage,READ,{"user_id":"user045";"iat":1750518727395;"exp":1750518730995},normal
2025-06-21T15:12:07.402Z,user045,/edit,EditContent,UPDATE,{"user_id":"user045";"iat":1750518727395;"exp":1750518730995},normal
2025-06-21T15:12:07.405Z,user045,/logout,Logout,AUTH,{"user_id":"user045";"iat":1750518727395;"exp":1750518730995},normal
2025-06-21T15:12:07.522Z,user046,/login,Login,AUTH,{"user_id":"user046";"iat":1750518727522},normal
2025-06-21T15:12:07.525Z,user046,/browse,ViewPage,READ,{"user_id":"user046";"iat":1750518727522;"exp":1750518731122},normal
2025-06-21T15:12:07.528Z,user046,/edit,EditContent,UPDATE,{"user_id":"user046";"iat":1750518727522;"exp":1750518731122},normal
2025-06-21T15:12:07.531Z,user046,/logout,Logout,AUTH,{"user_id":"user046";"iat":1750518727522;"exp":1750518731122},normal
2025-06-21T15:12:07.648Z,user047,/login,Login,AUTH,{"user_id":"user047";"iat":1750518727647},normal
2025-06-21T15:12:07.651Z,user047,/browse,ViewPage,READ,{"user_id":"user047";"iat":1750518727647;"exp":1750518731247},normal
2025-06-21T15:12:07.654Z,user047,/edit,EditContent,UPDATE,{"user_id":"user047";"iat":1750518727647;"exp":1750518731247},normal
2025-06-21T15:12:07.656Z,user047,/logout,Logout,AUTH,{"user_id":"user047";"iat":1750518727647;"exp":1750518731247},normal
2025-06-21T15:12:07.775Z,user048,/login,Login,AUTH,{"user_id":"user048";"iat":1750518727774},normal
2025-06-21T15:12:07.778Z,user048,/browse,ViewPage,READ,{"user_id":"user048";"iat":1750518727774;"exp":1750518731374},normal
2025-06-21T15:12:07.781Z,user048,/edit,EditContent,UPDATE,{"user_id":"user048";"iat":1750518727774;"exp":1750518731374},normal
2025-06-21T15:12:07.784Z,user048,/logout,Logout,AUTH,{"user_id":"user048";"iat":1750518727774;"exp":1750518731374},normal
2025-06-21T15:12:07.900Z,user049,/login,Login,AUTH,{"user_id":"user049";"iat":1750518727899},normal
2025-06-21T15:12:07.903Z,user049,/browse,ViewPage,READ,{"user_id":"user049";"iat":1750518727899;"exp":1750518731499},normal
2025-06-21T15:12:07.906Z,user049,/edit,EditContent,UPDATE,{"user_id":"user049";"iat":1750518727899;"exp":1750518731499},normal
2025-06-21T15:12:07.910Z,user049,/logout,Logout,AUTH,{"user_id":"user049";"iat":1750518727899;"exp":1750518731499},normal
2025-06-21T15:12:08.027Z,user050,/login,Login,AUTH,{"user_id":"user050";"iat":1750518728027},normal
2025-06-21T15:12:08.030Z,user050,/browse,ViewPage,READ,{"user_id":"user050";"iat":1750518728027;"exp":1750518731627},normal
2025-06-21T15:12:08.034Z,user050,/edit,EditContent,UPDATE,{"user_id":"user050";"iat":1750518728027;"exp":1750518731627},normal
2025-06-21T15:12:08.037Z,user050,/logout,Logout,AUTH,{"user_id":"user050";"iat":1750518728027;"exp":1750518731627},normal
2025-06-21T15:12:08.152Z,user051,/login,Login,AUTH,{"user_id":"user051";"iat":1750518728151},normal
2025-06-21T15:12:08.155Z,user051,/browse,ViewPage,READ,{"user_id":"user051";"iat":1750518728151;"exp":1750518731751},normal
2025-06-21T15:12:08.158Z,user051,/edit,EditContent,UPDATE,{"user_id":"user051";"iat":1750518728151;"exp":1750518731751},normal
2025-06-21T15:12:08.161Z,user051,/logout,Logout,AUTH,{"user_id":"user051";"iat":1750518728151;"exp":1750518731751},normal
2025-06-21T15:12:08.277Z,user052,/login,Login,AUTH,{"user_id":"user052";"iat":1750518728277},normal
2025-06-21T15:12:08.280Z,user052,/browse,ViewPage,READ,{"user_id":"user052";"iat":1750518728277;"exp":1750518731877},normal
2025-06-21T15:12:08.283Z,user052,/edit,EditContent,UPDATE,{"user_id":"user052";"iat":1750518728277;"exp":1750518731877},normal
2025-06-21T15:12:08.286Z,user052,/logout,Logout,AUTH,{"user_id":"user052";"iat":1750518728277;"exp":1750518731877},normal
2025-06-21T15:12:08.403Z,user053,/login,Login,AUTH,{"user_id":"user053";"iat":1750518728402},normal
2025-06-21T15:12:08.406Z,user053,/browse,ViewPage,READ,{"user_id":"user053";"iat":1750518728402;"exp":1750518732002},normal
2025-06-21T15:12:08.409Z,user053,/edit,EditContent,UPDATE,{"user_id":"user053";"iat":1750518728402;"exp":1750518732002},normal
2025-06-21T15:12:08.412Z,user053,/logout,Logout,AUTH,{"user_id":"user053";"iat":1750518728402;"exp":1750518732002},normal
2025-06-21T15:12:08.528Z,user054,/login,Login,AUTH,{"user_id":"user054";"iat":1750518728527},normal
2025-06-21T15:12:08.531Z,user054,/browse,ViewPage,READ,{"user_id":"user054";"iat":1750518728527;"exp":1750518732127},normal
2025-06-21T15:12:08.534Z,user054,/edit,EditContent,UPDATE,{"user_id":"user054";"iat":1750518728527;"exp":1750518732127},normal
2025-06-21T15:12:08.536Z,user054,/logout,Logout,AUTH,{"user_id":"user054";"iat":1750518728527;"exp":1750518732127},normal
2025-06-21T15:12:08.653Z,user055,/login,Login,AUTH,{"user_id":"user055";"iat":1750518728652},normal
2025-06-21T15:12:08.656Z,user055,/browse,ViewPage,READ,{"user_id":"user055";"iat":1750518728652;"exp":1750518732252},normal
2025-06-21T15:12:08.659Z,user055,/edit,EditContent,UPDATE,{"user_id":"user055";"iat":1750518728652;"exp":1750518732252},normal
2025-06-21T15:12:08.663Z,user055,/logout,Logout,AUTH,{"user_id":"user055";"iat":1750518728652;"exp":1750518732252},normal
2025-06-21T15:12:08.779Z,user056,/login,Login,AUTH,{"user_id":"user056";"iat":1750518728778},normal
2025-06-21T15:12:08.783Z,user056,/browse,ViewPage,READ,{"user_id":"user056";"iat":1750518728778;"exp":1750518732378},normal
2025-06-21T15:12:08.786Z,user056,/edit,EditContent,UPDATE,{"user_id":"user056";"iat":1750518728778;"exp":1750518732378},normal
2025-06-21T15:12:08.790Z,user056,/logout,Logout,AUTH,{"user_id":"user056";"iat":1750518728778;"exp":1750518732378},normal
2025-06-21T15:12:08.905Z,user057,/login,Login,AUTH,{"user_id":"user057";"iat":1750518728904},normal
2025-06-21T15:12:08.910Z,user057,/browse,ViewPage,READ,{"user_id":"user057";"iat":1750518728904;"exp":1750518732504},normal
2025-06-21T15:12:08.916Z,user057,/edit,EditContent,UPDATE,{"user_id":"user057";"iat":1750518728904;"exp":1750518732504},normal
2025-06-21T15:12:08.921Z,user057,/logout,Logout,AUTH,{"user_id":"user057";"iat":1750518728904;"exp":1750518732504},normal
2025-06-21T15:12:09.030Z,user058,/login,Login,AUTH,{"user_id":"user058";"iat":1750518729029},normal
2025-06-21T15:12:09.033Z,user058,/browse,ViewPage,READ,{"user_id":"user058";"iat":1750518729029;"exp":1750518732629},normal
2025-06-21T15:12:09.036Z,user058,/edit,EditContent,UPDATE,{"user_id":"user058";"iat":1750518729029;"exp":1750518732629},normal
2025-06-21T15:12:09.039Z,user058,/logout,Logout,AUTH,{"user_id":"user058";"iat":1750518729029;"exp":1750518732629},normal
2025-06-21T15:12:09.157Z,user059,/login,Login,AUTH,{"user_id":"user059";"iat":1750518729156},normal
2025-06-21T15:12:09.160Z,user059,/browse,ViewPage,READ,{"user_id":"user059";"iat":1750518729156;"exp":1750518732756},normal
2025-06-21T15:12:09.165Z,user059,/edit,EditContent,UPDATE,{"user_id":"user059";"iat":1750518729156;"exp":1750518732756},normal
2025-06-21T15:12:09.168Z,user059,/logout,Logout,AUTH,{"user_id":"user059";"iat":1750518729156;"exp":1750518732756},normal
2025-06-21T15:12:09.279Z,user060,/login,Login,AUTH,{"user_id":"user060";"iat":1750518729278},normal
2025-06-21T15:12:09.282Z,user060,/browse,ViewPage,READ,{"user_id":"user060";"iat":1750518729278;"exp":1750518732878},normal
2025-06-21T15:12:09.285Z,user060,/edit,EditContent,UPDATE,{"user_id":"user060";"iat":1750518729278;"exp":1750518732878},normal
2025-06-21T15:12:09.289Z,user060,/logout,Logout,AUTH,{"user_id":"user060";"iat":1750518729278;"exp":1750518732878},normal
2025-06-21T15:12:09.404Z,user061,/login,Login,AUTH,{"user_id":"user061";"iat":1750518729403},normal
2025-06-21T15:12:09.407Z,user061,/browse,ViewPage,READ,{"user_id":"user061";"iat":1750518729403;"exp":1750518733003},normal
2025-06-21T15:12:09.410Z,user061,/edit,EditContent,UPDATE,{"user_id":"user061";"iat":1750518729403;"exp":1750518733003},normal
2025-06-21T15:12:09.413Z,user061,/logout,Logout,AUTH,{"user_id":"user061";"iat":1750518729403;"exp":1750518733003},normal
2025-06-21T15:12:09.530Z,user062,/login,Login,AUTH,{"user_id":"user062";"iat":1750518729530},normal
2025-06-21T15:12:09.534Z,user062,/browse,ViewPage,READ,{"user_id":"user062";"iat":1750518729530;"exp":1750518733130},normal
2025-06-21T15:12:09.537Z,user062,/edit,EditContent,UPDATE,{"user_id":"user062";"iat":1750518729530;"exp":1750518733130},normal
2025-06-21T15:12:09.540Z,user062,/logout,Logout,AUTH,{"user_id":"user062";"iat":1750518729530;"exp":1750518733130},normal
2025-06-21T15:12:09.658Z,user063,/login,Login,AUTH,{"user_id":"user063";"iat":1750518729657},normal
2025-06-21T15:12:09.661Z,user063,/browse,ViewPage,READ,{"user_id":"user063";"iat":1750518729657;"exp":1750518733257},normal
2025-06-21T15:12:09.664Z,user063,/edit,EditContent,UPDATE,{"user_id":"user063";"iat":1750518729657;"exp":1750518733257},normal
2025-06-21T15:12:09.667Z,user063,/logout,Logout,AUTH,{"user_id":"user063";"iat":1750518729657;"exp":1750518733257},normal
2025-06-21T15:12:09.784Z,user064,/login,Login,AUTH,{"user_id":"user064";"iat":1750518729783},normal
2025-06-21T15:12:09.787Z,user064,/browse,ViewPage,READ,{"user_id":"user064";"iat":1750518729783;"exp":1750518733383},normal
2025-06-21T15:12:09.790Z,user064,/edit,EditContent,UPDATE,{"user_id":"user064";"iat":1750518729783;"exp":1750518733383},normal
2025-06-21T15:12:09.793Z,user064,/logout,Logout,AUTH,{"user_id":"user064";"iat":1750518729783;"exp":1750518733383},normal
2025-06-21T15:12:09.910Z,user065,/login,Login,AUTH,{"user_id":"user065";"iat":1750518729909},normal
2025-06-21T15:12:09.917Z,user065,/browse,ViewPage,READ,{"user_id":"user065";"iat":1750518729909;"exp":1750518733509},normal
2025-06-21T15:12:09.921Z,user065,/edit,EditContent,UPDATE,{"user_id":"user065";"iat":1750518729909;"exp":1750518733509},normal
2025-06-21T15:12:09.925Z,user065,/logout,Logout,AUTH,{"user_id":"user065";"iat":1750518729909;"exp":1750518733509},normal
2025-06-21T15:12:10.037Z,user066,/login,Login,AUTH,{"user_id":"user066";"iat":1750518730036},normal
2025-06-21T15:12:10.041Z,user066,/browse,ViewPage,READ,{"user_id":"user066";"iat":1750518730036;"exp":1750518733636},normal
2025-06-21T15:12:10.044Z,user066,/edit,EditContent,UPDATE,{"user_id":"user066";"iat":1750518730036;"exp":1750518733636},normal
2025-06-21T15:12:10.048Z,user066,/logout,Logout,AUTH,{"user_id":"user066";"iat":1750518730036;"exp":1750518733636},normal
2025-06-21T15:12:10.161Z,user067,/login,Login,AUTH,{"user_id":"user067";"iat":1750518730160},normal
2025-06-21T15:12:10.164Z,user067,/browse,ViewPage,READ,{"user_id":"user067";"iat":1750518730160;"exp":1750518733760},normal
2025-06-21T15:12:10.167Z,user067,/edit,EditContent,UPDATE,{"user_id":"user067";"iat":1750518730160;"exp":1750518733760},normal
2025-06-21T15:12:10.169Z,user067,/logout,Logout,AUTH,{"user_id":"user067";"iat":1750518730160;"exp":1750518733760},normal
2025-06-21T15:12:10.287Z,user068,/login,Login,AUTH,{"user_id":"user068";"iat":1750518730286},normal
2025-06-21T15:12:10.293Z,user068,/browse,ViewPage,READ,{"user_id":"user068";"iat":1750518730286;"exp":1750518733886},normal
2025-06-21T15:12:10.299Z,user068,/edit,EditContent,UPDATE,{"user_id":"user068";"iat":1750518730286;"exp":1750518733886},normal
2025-06-21T15:12:10.303Z,user068,/logout,Logout,AUTH,{"user_id":"user068";"iat":1750518730286;"exp":1750518733886},normal
2025-06-21T15:12:10.415Z,user069,/login,Login,AUTH,{"user_id":"user069";"iat":1750518730415},normal
2025-06-21T15:12:10.418Z,user069,/browse,ViewPage,READ,{"user_id":"user069";"iat":1750518730415;"exp":1750518734015},normal
2025-06-21T15:12:10.421Z,user069,/edit,EditContent,UPDATE,{"user_id":"user069";"iat":1750518730415;"exp":1750518734015},normal
2025-06-21T15:12:10.424Z,user069,/logout,Logout,AUTH,{"user_id":"user069";"iat":1750518730415;"exp":1750518734015},normal
2025-06-21T15:12:10.527Z,user070,/login,Login,AUTH,{"user_id":"user070";"iat":1750518730526},normal
2025-06-21T15:12:10.531Z,user070,/browse,ViewPage,READ,{"user_id":"user070";"iat":1750518730526;"exp":1750518734126},normal
2025-06-21T15:12:10.534Z,user070,/edit,EditContent,UPDATE,{"user_id":"user070";"iat":1750518730526;"exp":1750518734126},normal
2025-06-21T15:12:10.537Z,user070,/logout,Logout,AUTH,{"user_id":"user070";"iat":1750518730526;"exp":1750518734126},normal
2025-06-21T15:12:10.652Z,user071,/login,Login,AUTH,{"user_id":"user071";"iat":1750518730651},normal
2025-06-21T15:12:10.655Z,user071,/browse,ViewPage,READ,{"user_id":"user071";"iat":1750518730651;"exp":1750518734251},normal
2025-06-21T15:12:10.658Z,user071,/edit,EditContent,UPDATE,{"user_id":"user071";"iat":1750518730651;"exp":1750518734251},normal
2025-06-21T15:12:10.661Z,user071,/logout,Logout,AUTH,{"user_id":"user071";"iat":1750518730651;"exp":1750518734251},normal
2025-06-21T15:12:10.778Z,user072,/login,Login,AUTH,{"user_id":"user072";"iat":1750518730777},normal
2025-06-21T15:12:10.781Z,user072,/browse,ViewPage,READ,{"user_id":"user072";"iat":1750518730777;"exp":1750518734377},normal
2025-06-21T15:12:10.784Z,user072,/edit,EditContent,UPDATE,{"user_id":"user072";"iat":1750518730777;"exp":1750518734377},normal
2025-06-21T15:12:10.786Z,user072,/logout,Logout,AUTH,{"user_id":"user072";"iat":1750518730777;"exp":1750518734377},normal
2025-06-21T15:12:10.890Z,user073,/login,Login,AUTH,{"user_id":"user073";"iat":1750518730889},normal
2025-06-21T15:12:10.894Z,user073,/browse,ViewPage,READ,{"user_id":"user073";"iat":1750518730889;"exp":1750518734489},normal
2025-06-21T15:12:10.897Z,user073,/edit,EditContent,UPDATE,{"user_id":"user073";"iat":1750518730889;"exp":1750518734489},normal
2025-06-21T15:12:10.900Z,user073,/logout,Logout,AUTH,{"user_id":"user073";"iat":1750518730889;"exp":1750518734489},normal
2025-06-21T15:12:11.016Z,user074,/login,Login,AUTH,{"user_id":"user074";"iat":1750518731015},normal
2025-06-21T15:12:11.020Z,user074,/browse,ViewPage,READ,{"user_id":"user074";"iat":1750518731015;"exp":1750518734615},normal
2025-06-21T15:12:11.023Z,user074,/edit,EditContent,UPDATE,{"user_id":"user074";"iat":1750518731015;"exp":1750518734615},normal
2025-06-21T15:12:11.027Z,user074,/logout,Logout,AUTH,{"user_id":"user074";"iat":1750518731015;"exp":1750518734615},normal
2025-06-21T15:12:11.152Z,user075,/login,Login,AUTH,{"user_id":"user075";"iat":1750518731151},normal
2025-06-21T15:12:11.159Z,user075,/browse,ViewPage,READ,{"user_id":"user075";"iat":1750518731151;"exp":1750518734751},normal
2025-06-21T15:12:11.162Z,user075,/edit,EditContent,UPDATE,{"user_id":"user075";"iat":1750518731151;"exp":1750518734751},normal
2025-06-21T15:12:11.166Z,user075,/logout,Logout,AUTH,{"user_id":"user075";"iat":1750518731151;"exp":1750518734751},normal
2025-06-21T15:12:11.285Z,user076,/login,Login,AUTH,{"user_id":"user076";"iat":1750518731284},normal
2025-06-21T15:12:11.288Z,user076,/browse,ViewPage,READ,{"user_id":"user076";"iat":1750518731284;"exp":1750518734884},normal
2025-06-21T15:12:11.290Z,user076,/edit,EditContent,UPDATE,{"user_id":"user076";"iat":1750518731284;"exp":1750518734884},normal
2025-06-21T15:12:11.293Z,user076,/logout,Logout,AUTH,{"user_id":"user076";"iat":1750518731284;"exp":1750518734884},normal
2025-06-21T15:12:11.410Z,user077,/login,Login,AUTH,{"user_id":"user077";"iat":1750518731409},normal
2025-06-21T15:12:11.413Z,user077,/browse,ViewPage,READ,{"user_id":"user077";"iat":1750518731409;"exp":1750518735009},normal
2025-06-21T15:12:11.416Z,user077,/edit,EditContent,UPDATE,{"user_id":"user077";"iat":1750518731409;"exp":1750518735009},normal
2025-06-21T15:12:11.418Z,user077,/logout,Logout,AUTH,{"user_id":"user077";"iat":1750518731409;"exp":1750518735009},normal
2025-06-21T15:12:11.533Z,user078,/login,Login,AUTH,{"user_id":"user078";"iat":1750518731533},normal
2025-06-21T15:12:11.536Z,user078,/browse,ViewPage,READ,{"user_id":"user078";"iat":1750518731533;"exp":1750518735133},normal
2025-06-21T15:12:11.539Z,user078,/edit,EditContent,UPDATE,{"user_id":"user078";"iat":1750518731533;"exp":1750518735133},normal
2025-06-21T15:12:11.542Z,user078,/logout,Logout,AUTH,{"user_id":"user078";"iat":1750518731533;"exp":1750518735133},normal
2025-06-21T15:12:11.660Z,user079,/login,Login,AUTH,{"user_id":"user079";"iat":1750518731659},normal
2025-06-21T15:12:11.664Z,user079,/browse,ViewPage,READ,{"user_id":"user079";"iat":1750518731659;"exp":1750518735259},normal
2025-06-21T15:12:11.667Z,user079,/edit,EditContent,UPDATE,{"user_id":"user079";"iat":1750518731659;"exp":1750518735259},normal
2025-06-21T15:12:11.670Z,user079,/logout,Logout,AUTH,{"user_id":"user079";"iat":1750518731659;"exp":1750518735259},normal
2025-06-21T15:12:11.787Z,user080,/login,Login,AUTH,{"user_id":"user080";"iat":1750518731786},normal
2025-06-21T15:12:11.790Z,user080,/browse,ViewPage,READ,{"user_id":"user080";"iat":1750518731786;"exp":1750518735386},normal
2025-06-21T15:12:11.793Z,user080,/edit,EditContent,UPDATE,{"user_id":"user080";"iat":1750518731786;"exp":1750518735386},normal
2025-06-21T15:12:11.796Z,user080,/logout,Logout,AUTH,{"user_id":"user080";"iat":1750518731786;"exp":1750518735386},normal
2025-06-21T15:12:11.912Z,user081,/login,Login,AUTH,{"user_id":"user081";"iat":1750518731911},normal
2025-06-21T15:12:11.915Z,user081,/browse,ViewPage,READ,{"user_id":"user081";"iat":1750518731911;"exp":1750518735511},normal
2025-06-21T15:12:11.919Z,user081,/edit,EditContent,UPDATE,{"user_id":"user081";"iat":1750518731911;"exp":1750518735511},normal
2025-06-21T15:12:11.922Z,user081,/logout,Logout,AUTH,{"user_id":"user081";"iat":1750518731911;"exp":1750518735511},normal
2025-06-21T15:12:12.038Z,user082,/login,Login,AUTH,{"user_id":"user082";"iat":1750518732037},normal
2025-06-21T15:12:12.042Z,user082,/browse,ViewPage,READ,{"user_id":"user082";"iat":1750518732037;"exp":1750518735637},normal
2025-06-21T15:12:12.045Z,user082,/edit,EditContent,UPDATE,{"user_id":"user082";"iat":1750518732037;"exp":1750518735637},normal
2025-06-21T15:12:12.048Z,user082,/logout,Logout,AUTH,{"user_id":"user082";"iat":1750518732037;"exp":1750518735637},normal
2025-06-21T15:12:12.165Z,user083,/login,Login,AUTH,{"user_id":"user083";"iat":1750518732164},normal
2025-06-21T15:12:12.168Z,user083,/browse,ViewPage,READ,{"user_id":"user083";"iat":1750518732164;"exp":1750518735764},normal
2025-06-21T15:12:12.171Z,user083,/edit,EditContent,UPDATE,{"user_id":"user083";"iat":1750518732164;"exp":1750518735764},normal
2025-06-21T15:12:12.174Z,user083,/logout,Logout,AUTH,{"user_id":"user083";"iat":1750518732164;"exp":1750518735764},normal
2025-06-21T15:12:12.290Z,user084,/login,Login,AUTH,{"user_id":"user084";"iat":1750518732289},normal
2025-06-21T15:12:12.293Z,user084,/browse,ViewPage,READ,{"user_id":"user084";"iat":1750518732289;"exp":1750518735889},normal
2025-06-21T15:12:12.296Z,user084,/edit,EditContent,UPDATE,{"user_id":"user084";"iat":1750518732289;"exp":1750518735889},normal
2025-06-21T15:12:12.299Z,user084,/logout,Logout,AUTH,{"user_id":"user084";"iat":1750518732289;"exp":1750518735889},normal
2025-06-21T15:12:12.417Z,user085,/login,Login,AUTH,{"user_id":"user085";"iat":1750518732416},normal
2025-06-21T15:12:12.420Z,user085,/browse,ViewPage,READ,{"user_id":"user085";"iat":1750518732416;"exp":1750518736016},normal
2025-06-21T15:12:12.423Z,user085,/edit,EditContent,UPDATE,{"user_id":"user085";"iat":1750518732416;"exp":1750518736016},normal
2025-06-21T15:12:12.426Z,user085,/logout,Logout,AUTH,{"user_id":"user085";"iat":1750518732416;"exp":1750518736016},normal
2025-06-21T15:12:12.542Z,user086,/login,Login,AUTH,{"user_id":"user086";"iat":1750518732541},normal
2025-06-21T15:12:12.545Z,user086,/browse,ViewPage,READ,{"user_id":"user086";"iat":1750518732541;"exp":1750518736141},normal
2025-06-21T15:12:12.549Z,user086,/edit,EditContent,UPDATE,{"user_id":"user086";"iat":1750518732541;"exp":1750518736141},normal
2025-06-21T15:12:12.553Z,user086,/logout,Logout,AUTH,{"user_id":"user086";"iat":1750518732541;"exp":1750518736141},normal
2025-06-21T15:12:12.668Z,user087,/login,Login,AUTH,{"user_id":"user087";"iat":1750518732667},normal
2025-06-21T15:12:12.671Z,user087,/browse,ViewPage,READ,{"user_id":"user087";"iat":1750518732667;"exp":1750518736267},normal
2025-06-21T15:12:12.674Z,user087,/edit,EditContent,UPDATE,{"user_id":"user087";"iat":1750518732667;"exp":1750518736267},normal
2025-06-21T15:12:12.677Z,user087,/logout,Logout,AUTH,{"user_id":"user087";"iat":1750518732667;"exp":1750518736267},normal
2025-06-21T15:12:12.794Z,user088,/login,Login,AUTH,{"user_id":"user088";"iat":1750518732793},normal
2025-06-21T15:12:12.797Z,user088,/browse,ViewPage,READ,{"user_id":"user088";"iat":1750518732793;"exp":1750518736393},normal
2025-06-21T15:12:12.800Z,user088,/edit,EditContent,UPDATE,{"user_id":"user088";"iat":1750518732793;"exp":1750518736393},normal
2025-06-21T15:12:12.803Z,user088,/logout,Logout,AUTH,{"user_id":"user088";"iat":1750518732793;"exp":1750518736393},normal
2025-06-21T15:12:12.919Z,user089,/login,Login,AUTH,{"user_id":"user089";"iat":1750518732919},normal
2025-06-21T15:12:12.924Z,user089,/browse,ViewPage,READ,{"user_id":"user089";"iat":1750518732919;"exp":1750518736519},normal
2025-06-21T15:12:12.927Z,user089,/edit,EditContent,UPDATE,{"user_id":"user089";"iat":1750518732919;"exp":1750518736519},normal
2025-06-21T15:12:12.930Z,user089,/logout,Logout,AUTH,{"user_id":"user089";"iat":1750518732919;"exp":1750518736519},normal
2025-06-21T15:12:13.046Z,user090,/login,Login,AUTH,{"user_id":"user090";"iat":1750518733045},normal
2025-06-21T15:12:13.049Z,user090,/browse,ViewPage,READ,{"user_id":"user090";"iat":1750518733045;"exp":1750518736645},normal
2025-06-21T15:12:13.054Z,user090,/edit,EditContent,UPDATE,{"user_id":"user090";"iat":1750518733045;"exp":1750518736645},normal
2025-06-21T15:12:13.057Z,user090,/logout,Logout,AUTH,{"user_id":"user090";"iat":1750518733045;"exp":1750518736645},normal
2025-06-21T15:12:13.172Z,user091,/login,Login,AUTH,{"user_id":"user091";"iat":1750518733171},normal
2025-06-21T15:12:13.176Z,user091,/browse,ViewPage,READ,{"user_id":"user091";"iat":1750518733171;"exp":1750518736771},normal
2025-06-21T15:12:13.179Z,user091,/edit,EditContent,UPDATE,{"user_id":"user091";"iat":1750518733171;"exp":1750518736771},normal
2025-06-21T15:12:13.183Z,user091,/logout,Logout,AUTH,{"user_id":"user091";"iat":1750518733171;"exp":1750518736771},normal
2025-06-21T15:12:13.298Z,user092,/login,Login,AUTH,{"user_id":"user092";"iat":1750518733297},normal
2025-06-21T15:12:13.302Z,user092,/browse,ViewPage,READ,{"user_id":"user092";"iat":1750518733297;"exp":1750518736897},normal
2025-06-21T15:12:13.305Z,user092,/edit,EditContent,UPDATE,{"user_id":"user092";"iat":1750518733297;"exp":1750518736897},normal
2025-06-21T15:12:13.308Z,user092,/logout,Logout,AUTH,{"user_id":"user092";"iat":1750518733297;"exp":1750518736897},normal
2025-06-21T15:12:13.434Z,user093,/login,Login,AUTH,{"user_id":"user093";"iat":1750518733433},normal
2025-06-21T15:12:13.438Z,user093,/browse,ViewPage,READ,{"user_id":"user093";"iat":1750518733433;"exp":1750518737033},normal
2025-06-21T15:12:13.443Z,user093,/edit,EditContent,UPDATE,{"user_id":"user093";"iat":1750518733433;"exp":1750518737033},normal
2025-06-21T15:12:13.448Z,user093,/logout,Logout,AUTH,{"user_id":"user093";"iat":1750518733433;"exp":1750518737033},normal
2025-06-21T15:12:13.566Z,user094,/login,Login,AUTH,{"user_id":"user094";"iat":1750518733565},normal
2025-06-21T15:12:13.569Z,user094,/browse,ViewPage,READ,{"user_id":"user094";"iat":1750518733565;"exp":1750518737165},normal
2025-06-21T15:12:13.573Z,user094,/edit,EditContent,UPDATE,{"user_id":"user094";"iat":1750518733565;"exp":1750518737165},normal
2025-06-21T15:12:13.575Z,user094,/logout,Logout,AUTH,{"user_id":"user094";"iat":1750518733565;"exp":1750518737165},normal
2025-06-21T15:12:13.691Z,user095,/login,Login,AUTH,{"user_id":"user095";"iat":1750518733690},normal
2025-06-21T15:12:13.694Z,user095,/browse,ViewPage,READ,{"user_id":"user095";"iat":1750518733690;"exp":1750518737290},normal
2025-06-21T15:12:13.697Z,user095,/edit,EditContent,UPDATE,{"user_id":"user095";"iat":1750518733690;"exp":1750518737290},normal
2025-06-21T15:12:13.700Z,user095,/logout,Logout,AUTH,{"user_id":"user095";"iat":1750518733690;"exp":1750518737290},normal
2025-06-21T15:12:13.817Z,user096,/login,Login,AUTH,{"user_id":"user096";"iat":1750518733816},normal
2025-06-21T15:12:13.820Z,user096,/browse,ViewPage,READ,{"user_id":"user096";"iat":1750518733816;"exp":1750518737416},normal
2025-06-21T15:12:13.823Z,user096,/edit,EditContent,UPDATE,{"user_id":"user096";"iat":1750518733816;"exp":1750518737416},normal
2025-06-21T15:12:13.825Z,user096,/logout,Logout,AUTH,{"user_id":"user096";"iat":1750518733816;"exp":1750518737416},normal
2025-06-21T15:12:13.943Z,user097,/login,Login,AUTH,{"user_id":"user097";"iat":1750518733943},normal
2025-06-21T15:12:13.946Z,user097,/browse,ViewPage,READ,{"user_id":"user097";"iat":1750518733943;"exp":1750518737543},normal
2025-06-21T15:12:13.950Z,user097,/edit,EditContent,UPDATE,{"user_id":"user097";"iat":1750518733943;"exp":1750518737543},normal
2025-06-21T15:12:13.953Z,user097,/logout,Logout,AUTH,{"user_id":"user097";"iat":1750518733943;"exp":1750518737543},normal
2025-06-21T15:12:14.069Z,user098,/login,Login,AUTH,{"user_id":"user098";"iat":1750518734068},normal
2025-06-21T15:12:14.073Z,user098,/browse,ViewPage,READ,{"user_id":"user098";"iat":1750518734068;"exp":1750518737668},normal
2025-06-21T15:12:14.077Z,user098,/edit,EditContent,UPDATE,{"user_id":"user098";"iat":1750518734068;"exp":1750518737668},normal
2025-06-21T15:12:14.080Z,user098,/logout,Logout,AUTH,{"user_id":"user098";"iat":1750518734068;"exp":1750518737668},normal
2025-06-21T15:12:14.194Z,user099,/login,Login,AUTH,{"user_id":"user099";"iat":1750518734194},normal
2025-06-21T15:12:14.198Z,user099,/browse,ViewPage,READ,{"user_id":"user099";"iat":1750518734194;"exp":1750518737794},normal
2025-06-21T15:12:14.201Z,user099,/edit,EditContent,UPDATE,{"user_id":"user099";"iat":1750518734194;"exp":1750518737794},normal
2025-06-21T15:12:14.204Z,user099,/logout,Logout,AUTH,{"user_id":"user099";"iat":1750518734194;"exp":1750518737794},normal
2025-06-21T15:12:14.322Z,user100,/login,Login,AUTH,{"user_id":"user100";"iat":1750518734321},normal
2025-06-21T15:12:14.325Z,user100,/browse,ViewPage,READ,{"user_id":"user100";"iat":1750518734321;"exp":1750518737921},normal
2025-06-21T15:12:14.328Z,user100,/edit,EditContent,UPDATE,{"user_id":"user100";"iat":1750518734321;"exp":1750518737921},normal
2025-06-21T15:12:14.331Z,user100,/logout,Logout,AUTH,{"user_id":"user100";"iat":1750518734321;"exp":1750518737921},normal
